{"cameraMode":{"drawMode":0,"name":"Shaded","section":"Shading Mode"},"sceneLighting":false,"audioPlay":false,"sceneViewState":{"m_AlwaysRefresh":false,"showFog":true,"showSkybox":false,"showFlares":true,"showImageEffects":true,"showParticleSystems":true,"showVisualEffectGraphs":true,"m_FxEnabled":true},"in2DMode":false,"pivot":{"x":-5.108692646026611,"y":-4.614017009735107,"z":11.854948997497559},"rotation":{"x":0.015291621908545494,"y":-0.8276258707046509,"z":0.022612757980823518,"w":0.5607504844665527},"size":7.795033931732178,"orthographic":true}