{"cameraMode":{"drawMode":0,"name":"Shaded","section":"Shading Mode"},"sceneLighting":false,"audioPlay":false,"sceneViewState":{"m_AlwaysRefresh":false,"showFog":true,"showSkybox":false,"showFlares":true,"showImageEffects":true,"showParticleSystems":true,"showVisualEffectGraphs":true,"m_FxEnabled":true},"in2DMode":false,"pivot":{"x":2.916632890701294,"y":-4.115774631500244,"z":11.687920570373536},"rotation":{"x":-0.18052344024181367,"y":0.07867883145809174,"z":-0.01455242745578289,"w":-0.9803716540336609},"size":1.3023093938827515,"orthographic":true}