{"cameraMode":{"drawMode":0,"name":"Shaded","section":"Shading Mode"},"sceneLighting":false,"audioPlay":false,"sceneViewState":{"m_AlwaysRefresh":false,"showFog":true,"showSkybox":false,"showFlares":true,"showImageEffects":true,"showParticleSystems":true,"showVisualEffectGraphs":true,"m_FxEnabled":true},"in2DMode":false,"pivot":{"x":26.28135871887207,"y":0.5338001847267151,"z":-8.763043403625489},"rotation":{"x":-0.009003262035548687,"y":-0.01380536425858736,"z":0.00008913189230952412,"w":0.9999452233314514},"size":1.3678743839263917,"orthographic":true}