{"cameraMode":{"drawMode":0,"name":"Shaded","section":"Shading Mode"},"sceneLighting":false,"audioPlay":false,"sceneViewState":{"m_AlwaysRefresh":false,"showFog":true,"showSkybox":false,"showFlares":true,"showImageEffects":true,"showParticleSystems":true,"showVisualEffectGraphs":true,"m_FxEnabled":true},"in2DMode":false,"pivot":{"x":25.290050506591798,"y":0.38185906410217287,"z":-5.973804950714111},"rotation":{"x":0.0356505885720253,"y":-0.13183508813381196,"z":0.004969305358827114,"w":0.9907001256942749},"size":4.30523157119751,"orthographic":true}