{"cameraMode":{"drawMode":0,"name":"Shaded","section":"Shading Mode"},"sceneLighting":false,"audioPlay":false,"sceneViewState":{"m_AlwaysRefresh":false,"showFog":true,"showSkybox":false,"showFlares":true,"showImageEffects":true,"showParticleSystems":true,"showVisualEffectGraphs":true,"m_FxEnabled":true},"in2DMode":false,"pivot":{"x":-0.3243999481201172,"y":-1.2311124801635743,"z":-3.6162590980529787},"rotation":{"x":0.17574872076511384,"y":-0.6975852251052856,"z":0.18296124041080476,"w":0.6700890064239502},"size":4.820209503173828,"orthographic":true}