{"cameraMode":{"drawMode":0,"name":"Shaded","section":"Shading Mode"},"sceneLighting":false,"audioPlay":false,"sceneViewState":{"m_AlwaysRefresh":false,"showFog":true,"showSkybox":false,"showFlares":true,"showImageEffects":true,"showParticleSystems":true,"showVisualEffectGraphs":true,"m_FxEnabled":true},"in2DMode":false,"pivot":{"x":9.321125984191895,"y":2.4696524143218996,"z":-11.568868637084961},"rotation":{"x":0.13523529469966889,"y":-0.21226060390472413,"z":0.029673384502530099,"w":0.9673570990562439},"size":2.668269395828247,"orthographic":true}