{"cameraMode":{"drawMode":0,"name":"Shaded","section":"Shading Mode"},"sceneLighting":false,"audioPlay":false,"sceneViewState":{"m_AlwaysRefresh":false,"showFog":true,"showSkybox":false,"showFlares":true,"showImageEffects":true,"showParticleSystems":true,"showVisualEffectGraphs":true,"m_FxEnabled":true},"in2DMode":false,"pivot":{"x":-7.449999809265137,"y":-0.3226875066757202,"z":0.10835911333560944},"rotation":{"x":0.22248424589633943,"y":0.017547640949487687,"z":-0.0040053571574389938,"w":0.9747723937034607},"size":0.8660253882408142,"orthographic":true}