{"cameraMode":{"drawMode":0,"name":"Shaded","section":"Shading Mode"},"sceneLighting":false,"audioPlay":false,"sceneViewState":{"m_AlwaysRefresh":false,"showFog":true,"showSkybox":false,"showFlares":true,"showImageEffects":true,"showParticleSystems":true,"showVisualEffectGraphs":true,"m_FxEnabled":true},"in2DMode":false,"pivot":{"x":-0.2801057696342468,"y":-1.1399996280670167,"z":-3.3686203956604006},"rotation":{"x":0.09883678704500199,"y":-0.00597061263397336,"z":0.0005930303013883531,"w":0.9950878620147705},"size":0.25980767607688906,"orthographic":true}