{"cameraMode":{"drawMode":0,"name":"Shaded","section":"Shading Mode"},"sceneLighting":false,"audioPlay":false,"sceneViewState":{"m_AlwaysRefresh":false,"showFog":true,"showSkybox":false,"showFlares":true,"showImageEffects":true,"showParticleSystems":true,"showVisualEffectGraphs":true,"m_FxEnabled":true},"in2DMode":false,"pivot":{"x":0.5414785146713257,"y":0.7369115352630615,"z":0.4552156925201416},"rotation":{"x":-0.031647149473428729,"y":0.3108176290988922,"z":-0.010345662012696267,"w":-0.9499582648277283},"size":2.0446114540100099,"orthographic":true}