{"cameraMode":{"drawMode":0,"name":"Shaded","section":"Shading Mode"},"sceneLighting":false,"audioPlay":false,"sceneViewState":{"m_AlwaysRefresh":false,"showFog":true,"showSkybox":false,"showFlares":true,"showImageEffects":true,"showParticleSystems":true,"showVisualEffectGraphs":true,"m_FxEnabled":true},"in2DMode":false,"pivot":{"x":-0.10850000381469727,"y":1.2723325490951539,"z":-2.384185791015625e-7},"rotation":{"x":0.09883678704500199,"y":-0.00597061263397336,"z":0.0005930303013883531,"w":0.9950878620147705},"size":1.9732621908187867,"orthographic":true}