{"cameraMode":{"drawMode":0,"name":"Shaded","section":"Shading Mode"},"sceneLighting":false,"audioPlay":false,"sceneViewState":{"m_AlwaysRefresh":false,"showFog":true,"showSkybox":false,"showFlares":true,"showImageEffects":true,"showParticleSystems":true,"showVisualEffectGraphs":true,"m_FxEnabled":true},"in2DMode":false,"pivot":{"x":3.7200000286102297,"y":-0.27880001068115237,"z":0.1599999964237213},"rotation":{"x":0.20822881162166596,"y":-0.2562105357646942,"z":0.056621577590703967,"w":0.9422295093536377},"size":0.25980767607688906,"orthographic":true}