{"cameraMode":{"drawMode":0,"name":"Shaded","section":"Shading Mode"},"sceneLighting":true,"audioPlay":false,"sceneViewState":{"m_AlwaysRefresh":false,"showFog":true,"showSkybox":true,"showFlares":true,"showImageEffects":true,"showParticleSystems":true,"showVisualEffectGraphs":true,"m_FxEnabled":true},"in2DMode":false,"pivot":{"x":10.28083324432373,"y":11.439885139465332,"z":-13.009139060974121},"rotation":{"x":0.23589490354061128,"y":-0.4948040544986725,"z":0.1415747106075287,"w":0.8243493437767029},"size":6.8425445556640629,"orthographic":true}