{"cameraMode":{"drawMode":0,"name":"Shaded","section":"Shading Mode"},"sceneLighting":true,"audioPlay":false,"sceneViewState":{"m_AlwaysRefresh":false,"showFog":true,"showSkybox":true,"showFlares":true,"showImageEffects":true,"showParticleSystems":true,"showVisualEffectGraphs":true,"m_FxEnabled":true},"in2DMode":false,"pivot":{"x":8.951602935791016,"y":1.681255578994751,"z":-11.37733268737793},"rotation":{"x":0.08616774529218674,"y":-0.23562416434288026,"z":0.020996998995542527,"w":0.9678632020950317},"size":8.466139793395996,"orthographic":true}