{"cameraMode":{"drawMode":0,"name":"Shaded","section":"Shading Mode"},"sceneLighting":true,"audioPlay":false,"sceneViewState":{"m_AlwaysRefresh":false,"showFog":true,"showSkybox":true,"showFlares":true,"showImageEffects":true,"showParticleSystems":true,"showVisualEffectGraphs":true,"m_FxEnabled":true},"in2DMode":false,"pivot":{"x":-2.501871109008789,"y":-1.2311124801635743,"z":0.1668337881565094},"rotation":{"x":0.22462619841098786,"y":-0.48354092240333559,"z":0.12992769479751588,"w":0.8359737992286682},"size":6.086151599884033,"orthographic":false}