{"cameraMode":{"drawMode":0,"name":"Shaded","section":"Shading Mode"},"sceneLighting":true,"audioPlay":false,"sceneViewState":{"m_AlwaysRefresh":false,"showFog":true,"showSkybox":true,"showFlares":true,"showImageEffects":true,"showParticleSystems":true,"showVisualEffectGraphs":true,"m_FxEnabled":true},"in2DMode":false,"pivot":{"x":4.186899185180664,"y":-1.011983871459961,"z":6.135227203369141},"rotation":{"x":0.10778531432151795,"y":0.00954605732113123,"z":-0.0010350594529882074,"w":0.9941298961639404},"size":6.086151599884033,"orthographic":false}