{"cameraMode":{"drawMode":0,"name":"Shaded","section":"Shading Mode"},"sceneLighting":true,"audioPlay":false,"sceneViewState":{"m_AlwaysRefresh":false,"showFog":true,"showSkybox":true,"showFlares":true,"showImageEffects":true,"showParticleSystems":true,"showVisualEffectGraphs":true,"m_FxEnabled":true},"in2DMode":false,"pivot":{"x":-2.9387998580932619,"y":-1.1872249841690064,"z":-5.242518424987793},"rotation":{"x":0.20822881162166596,"y":-0.2562105357646942,"z":0.056621577590703967,"w":0.9422295093536377},"size":0.8660253882408142,"orthographic":true}