{"cameraMode":{"drawMode":0,"name":"Shaded","section":"Shading Mode"},"sceneLighting":true,"audioPlay":false,"sceneViewState":{"m_AlwaysRefresh":false,"showFog":true,"showSkybox":true,"showFlares":true,"showImageEffects":true,"showParticleSystems":true,"showVisualEffectGraphs":true,"m_FxEnabled":true},"in2DMode":false,"pivot":{"x":8.966094970703125,"y":3.962454080581665,"z":-2.1151325702667238},"rotation":{"x":0.5960765480995178,"y":-0.16300398111343385,"z":0.12518088519573213,"w":0.7761790752410889},"size":13.837278366088868,"orthographic":true}