{"cameraMode":{"drawMode":0,"name":"Shaded","section":"Shading Mode"},"sceneLighting":true,"audioPlay":false,"sceneViewState":{"m_AlwaysRefresh":false,"showFog":true,"showSkybox":true,"showFlares":true,"showImageEffects":true,"showParticleSystems":true,"showVisualEffectGraphs":true,"m_FxEnabled":true},"in2DMode":false,"pivot":{"x":7.231576442718506,"y":-0.3696279227733612,"z":-0.7788935899734497},"rotation":{"x":-0.26691722869873049,"y":0.05347837135195732,"z":-0.014791044406592846,"w":-0.9621904492378235},"size":5.375647068023682,"orthographic":true}