{"cameraMode":{"drawMode":0,"name":"Shaded","section":"Shading Mode"},"sceneLighting":true,"audioPlay":false,"sceneViewState":{"m_AlwaysRefresh":false,"showFog":true,"showSkybox":true,"showFlares":true,"showImageEffects":true,"showParticleSystems":true,"showVisualEffectGraphs":true,"m_FxEnabled":true},"in2DMode":false,"pivot":{"x":17.585235595703126,"y":1.7853617668151856,"z":-8.042837142944336},"rotation":{"x":0.5365473031997681,"y":0.01139148324728012,"z":-0.007243828848004341,"w":0.843762218952179},"size":18.17201042175293,"orthographic":true}