{"cameraMode":{"drawMode":0,"name":"Shaded","section":"Shading Mode"},"sceneLighting":true,"audioPlay":false,"sceneViewState":{"m_AlwaysRefresh":false,"showFog":true,"showSkybox":true,"showFlares":true,"showImageEffects":true,"showParticleSystems":true,"showVisualEffectGraphs":true,"m_FxEnabled":true},"in2DMode":false,"pivot":{"x":17.62014389038086,"y":8.061634063720704,"z":-26.142152786254884},"rotation":{"x":0.10399211198091507,"y":-0.14448946714401246,"z":0.015304935164749623,"w":0.983980119228363},"size":7.731567859649658,"orthographic":true}