{"cameraMode":{"drawMode":0,"name":"Shaded","section":"Shading Mode"},"sceneLighting":true,"audioPlay":false,"sceneViewState":{"m_AlwaysRefresh":false,"showFog":true,"showSkybox":true,"showFlares":true,"showImageEffects":true,"showParticleSystems":true,"showVisualEffectGraphs":true,"m_FxEnabled":true},"in2DMode":false,"pivot":{"x":-6.760000228881836,"y":-1.4600000381469727,"z":5.369999885559082},"rotation":{"x":0.22248424589633943,"y":0.017547640949487687,"z":-0.0040053571574389938,"w":0.9747723937034607},"size":6.2528395652771,"orthographic":true}