{"cameraMode":{"drawMode":0,"name":"Shaded","section":"Shading Mode"},"sceneLighting":true,"audioPlay":false,"sceneViewState":{"m_AlwaysRefresh":false,"showFog":true,"showSkybox":true,"showFlares":true,"showImageEffects":true,"showParticleSystems":true,"showVisualEffectGraphs":true,"m_FxEnabled":true},"in2DMode":false,"pivot":{"x":10.28083324432373,"y":11.439885139465332,"z":-13.009139060974121},"rotation":{"x":0.30805766582489016,"y":-0.09312916547060013,"z":0.0303025022149086,"w":0.9463518261909485},"size":6.534629821777344,"orthographic":true}