{"cameraMode":{"drawMode":0,"name":"Shaded","section":"Shading Mode"},"sceneLighting":true,"audioPlay":false,"sceneViewState":{"m_AlwaysRefresh":false,"showFog":true,"showSkybox":true,"showFlares":true,"showImageEffects":true,"showParticleSystems":true,"showVisualEffectGraphs":true,"m_FxEnabled":true},"in2DMode":false,"pivot":{"x":7.6255998611450199,"y":-1.2311124801635743,"z":2.7037405967712404},"rotation":{"x":0.03259711340069771,"y":-0.6362468600273132,"z":0.026941677555441858,"w":0.7704181671142578},"size":2.4907009601593019,"orthographic":true}