{"cameraMode":{"drawMode":0,"name":"Shaded","section":"Shading Mode"},"sceneLighting":true,"audioPlay":false,"sceneViewState":{"m_AlwaysRefresh":false,"showFog":true,"showSkybox":true,"showFlares":true,"showImageEffects":true,"showParticleSystems":true,"showVisualEffectGraphs":true,"m_FxEnabled":true},"in2DMode":false,"pivot":{"x":7.923183441162109,"y":0.6888382434844971,"z":2.1485838890075685},"rotation":{"x":0.01889587566256523,"y":-0.00899840984493494,"z":0.00017081547412090003,"w":0.9997890591621399},"size":3.650959014892578,"orthographic":true}