{"cameraMode":{"drawMode":0,"name":"Shaded","section":"Shading Mode"},"sceneLighting":true,"audioPlay":false,"sceneViewState":{"m_AlwaysRefresh":false,"showFog":true,"showSkybox":true,"showFlares":true,"showImageEffects":true,"showParticleSystems":true,"showVisualEffectGraphs":true,"m_FxEnabled":true},"in2DMode":false,"pivot":{"x":1.1470000743865967,"y":0.04388748109340668,"z":-1.4533591270446778},"rotation":{"x":0.10399211198091507,"y":-0.14448946714401246,"z":0.015304935164749623,"w":0.983980119228363},"size":0.8660253882408142,"orthographic":true}