{"cameraMode":{"drawMode":0,"name":"Shaded","section":"Shading Mode"},"sceneLighting":true,"audioPlay":false,"sceneViewState":{"m_AlwaysRefresh":false,"showFog":true,"showSkybox":true,"showFlares":true,"showImageEffects":true,"showParticleSystems":true,"showVisualEffectGraphs":true,"m_FxEnabled":true},"in2DMode":false,"pivot":{"x":7.231576442718506,"y":-0.3696279227733612,"z":-0.7788935899734497},"rotation":{"x":-0.31785324215888979,"y":0.2273862510919571,"z":-0.07876388728618622,"w":-0.9171622395515442},"size":0.6525436043739319,"orthographic":true}