{"cameraMode":{"drawMode":0,"name":"Shaded","section":"Shading Mode"},"sceneLighting":true,"audioPlay":false,"sceneViewState":{"m_AlwaysRefresh":false,"showFog":true,"showSkybox":true,"showFlares":true,"showImageEffects":true,"showParticleSystems":true,"showVisualEffectGraphs":true,"m_FxEnabled":true},"in2DMode":false,"pivot":{"x":4.755072116851807,"y":2.003695487976074,"z":-11.804951667785645},"rotation":{"x":0.16719922423362733,"y":-0.013023522682487965,"z":0.0021550811361521484,"w":0.9858620166778565},"size":4.412241458892822,"orthographic":true}