{"cameraMode":{"drawMode":0,"name":"Shaded","section":"Shading Mode"},"sceneLighting":true,"audioPlay":false,"sceneViewState":{"m_AlwaysRefresh":false,"showFog":true,"showSkybox":true,"showFlares":true,"showImageEffects":true,"showParticleSystems":true,"showVisualEffectGraphs":true,"m_FxEnabled":true},"in2DMode":false,"pivot":{"x":12.04680347442627,"y":5.557437419891357,"z":-14.00545597076416},"rotation":{"x":0.21798792481422425,"y":-0.13737539947032929,"z":0.031012337654829027,"w":0.9657516479492188},"size":4.553406715393066,"orthographic":true}