{"cameraMode":{"drawMode":0,"name":"Shaded","section":"Shading Mode"},"sceneLighting":false,"audioPlay":false,"sceneViewState":{"m_AlwaysRefresh":false,"showFog":true,"showSkybox":false,"showFlares":true,"showImageEffects":true,"showParticleSystems":true,"showVisualEffectGraphs":true,"m_FxEnabled":true},"in2DMode":false,"pivot":{"x":-0.168768048286438,"y":1.1069250106811524,"z":-3.175342082977295},"rotation":{"x":0.09883678704500199,"y":-0.00597061263397336,"z":0.0005930303013883531,"w":0.9950878620147705},"size":2.9702072143554689,"orthographic":true}