{"cameraMode":{"drawMode":0,"name":"Shaded","section":"Shading Mode"},"sceneLighting":false,"audioPlay":false,"sceneViewState":{"m_AlwaysRefresh":false,"showFog":true,"showSkybox":false,"showFlares":true,"showImageEffects":true,"showParticleSystems":true,"showVisualEffectGraphs":true,"m_FxEnabled":true},"in2DMode":false,"pivot":{"x":2.2899999618530275,"y":-1.274999976158142,"z":-1.9900000095367432},"rotation":{"x":-0.008982844650745392,"y":-0.06145891547203064,"z":-0.0005535923410207033,"w":0.9980719685554504},"size":0.7041165828704834,"orthographic":true}