{"cameraMode":{"drawMode":0,"name":"Shaded","section":"Shading Mode"},"sceneLighting":false,"audioPlay":false,"sceneViewState":{"m_AlwaysRefresh":false,"showFog":true,"showSkybox":false,"showFlares":true,"showImageEffects":true,"showParticleSystems":true,"showVisualEffectGraphs":true,"m_FxEnabled":true},"in2DMode":false,"pivot":{"x":-0.2392129898071289,"y":0.7693918943405151,"z":-0.2503319978713989},"rotation":{"x":0.010498958639800549,"y":-0.012897036969661713,"z":0.0001354416599497199,"w":0.9998601675033569},"size":1.6811541318893433,"orthographic":true}