{"cameraMode":{"drawMode":0,"name":"Shaded","section":"Shading Mode"},"sceneLighting":false,"audioPlay":false,"sceneViewState":{"m_AlwaysRefresh":false,"showFog":true,"showSkybox":false,"showFlares":true,"showImageEffects":true,"showParticleSystems":true,"showVisualEffectGraphs":true,"m_FxEnabled":true},"in2DMode":false,"pivot":{"x":-0.3504701852798462,"y":2.0269970893859865,"z":-0.08034372329711914},"rotation":{"x":0.14497198164463044,"y":0.015436570160090924,"z":-0.0022593492176383735,"w":0.9893296957015991},"size":2.1650025844573976,"orthographic":false}