{"cameraMode":{"drawMode":0,"name":"Shaded","section":"Shading Mode"},"sceneLighting":false,"audioPlay":false,"sceneViewState":{"m_AlwaysRefresh":false,"showFog":true,"showSkybox":false,"showFlares":true,"showImageEffects":true,"showParticleSystems":true,"showVisualEffectGraphs":true,"m_FxEnabled":true},"in2DMode":false,"pivot":{"x":-1.580405592918396,"y":4.402612686157227,"z":-0.12388992309570313},"rotation":{"x":0.27250126004219057,"y":0.00923872645944357,"z":-0.0026140541303902866,"w":0.9621250629425049},"size":3.0205612182617189,"orthographic":false}