{"cameraMode":{"drawMode":0,"name":"Shaded","section":"Shading Mode"},"sceneLighting":false,"audioPlay":false,"sceneViewState":{"m_AlwaysRefresh":false,"showFog":true,"showSkybox":false,"showFlares":true,"showImageEffects":true,"showParticleSystems":true,"showVisualEffectGraphs":true,"m_FxEnabled":true},"in2DMode":false,"pivot":{"x":-1.3335000276565552,"y":-0.27880001068115237,"z":-3.450000047683716},"rotation":{"x":0.17574872076511384,"y":-0.6975852251052856,"z":0.18296124041080476,"w":0.6700890064239502},"size":0.25980767607688906,"orthographic":true}