{"cameraMode":{"drawMode":0,"name":"Shaded","section":"Shading Mode"},"sceneLighting":false,"audioPlay":false,"sceneViewState":{"m_AlwaysRefresh":false,"showFog":true,"showSkybox":false,"showFlares":true,"showImageEffects":true,"showParticleSystems":true,"showVisualEffectGraphs":true,"m_FxEnabled":true},"in2DMode":false,"pivot":{"x":26.280000686645509,"y":0.1828765869140625,"z":-6.715555191040039},"rotation":{"x":-0.006492068991065025,"y":-0.6925108432769775,"z":-0.006233167368918657,"w":0.7213560342788696},"size":1.6828709840774537,"orthographic":true}