{"cameraMode":{"drawMode":0,"name":"Shaded","section":"Shading Mode"},"sceneLighting":false,"audioPlay":false,"sceneViewState":{"m_AlwaysRefresh":false,"showFog":true,"showSkybox":false,"showFlares":true,"showImageEffects":true,"showParticleSystems":true,"showVisualEffectGraphs":true,"m_FxEnabled":true},"in2DMode":false,"pivot":{"x":26.280000686645509,"y":0.1828765869140625,"z":-6.715555191040039},"rotation":{"x":0.10600759834051132,"y":-0.3270650804042816,"z":0.036950837820768359,"w":0.9383111596107483},"size":4.0363311767578129,"orthographic":true}